id,description
0,"This refreshingly sweet watermelon lemonade is made with only two ingredients and contains no added sugars, It is the perfect drink for hot summer days."
0,Recipe: Sparkling Strawberry Cucumber Mocktail
0,"Blueberries are delicious and CHEAP in the summer, so you might as well throw some into your drink. Recipe here."
0,"The Best Virgin Strawberry Daiquiri Youâ€™ll Ever Taste: this non alcoholic strawberry drink recipe is the ultimate frozen drink to enjoy this summer. Itâ€™s easy to make in your blender with just a few ingredients, and itâ€™s sure to be a favorite treat for kids, teens, and party guests. | www.savortheflavour.com #mocktail #nonalcoholic"
0,Easy Keto Mojito
1,Vanilla Chai Old Fashioned.
1,Rabarber Gin Hass - LÃ¦skende og smuk drink med rabarber og gin
1,9 Starbucks Drinks Under 100 Calories
1,This Peach RosÃ© Sangria is an easy to make summer cocktail thatâ€™s perfect for a party or sipping on the patio on a hot day! #sangria #peach #rosÃ© #wine #cocktail #summercocktail #drink
1,Pink SeÃ±oritas
2,Giggle Juice
2,Iced Mexican Mocha
2,Non-Alcoholic Sangria
2,Lavender Gin and Tonic Punch #cocktail #lavender #purple #punch #ginandtonic #gin #spring #babyshower #brunch #drinks
2,Homemade Mocha Frappuccino
3,Starbucks Pink Drink
3,Mermaid Slush
3,Cotton Candy Drinks Kids will Love
3,Color-Changing Lemonade Slushies
3,stay hydrated
4,Gingerbread White Russian.
4,Tropical Rum Punch
4,3-Ingredient Korean Strawberry Milk
4,Tropical Rum Punch
4,Delicious Malibu Bay Breeze Drink Recipe!
5,17 Best Mocktails & Virgin Drinks for Any Special Occasion - This Blue Dress
5,Mermaid Rum Punch
5,RED RASPBERRY ICED TEA
5,"Cucumber, Mint and Lime Refreshers"
5,Sparkling RosÃ© Margaritas | Fed & Fit
6,31 Mocktail Recipes That Go Beyond Seltzer and Fruit Juice
6,Long Beach Iced Tea | Mix That Drink
6,image of an agua fresca summer drink.
6,Boozy Whipped Coffee
6,Cherry Bourbon Smash or Cherry Bomb â€¢ The Fresh Cooky
7,Virgin Peach Daiquiri
7,Salty Dog Cocktail Recipe - The Perfect Summer Drink
7,"Raw, healthy and refreshing cucumber mint lemonade, the perfect summer drink #lemonade #plantbased #veganrecipes #summer"
7,Healthy Cucumber Lemonade
7,20 Non Alcoholic Drink Recipes
8,Sparkling Strawberry Punch is a delicious non-alcoholic punch drink recipe. Whips up in minutes and perfect for a party!
8,How to Make Whipped Coffee Three Different Ways â€” Eat This Not That
8,Starbucks gummy bear refresher <3
8,Creamy Root Beer Rum Cocktail
8,"These Cucumber Melon Gin Spritzers are the most refreshing summer cocktail! They're made with a cantaloupe simple syrup, fresh mint, sliced cucumber, gin of course, and a splash of soda water! #cocktail #gin #summercocktail"
9,How To Make Cheap Copycat Homemade Starbucks Drinks
9,Healthy Homemade Frappuccino
9,"This homemade mint lemonade is refreshing, tasty and perfect for summer parties. This summer drink is made with fresh lemon juice and fresh mint and only takes minutes to make. #happyfoodstube #mint #lemonade #drink #recipe #summer #healthy #detox #vegan #refreshing #paleo via @happyfoodstube"
9,"The Sex in the Driveway cocktail recipe is a blue variation on Sex on the Beach. The difference is the stunning blue color and no cranberry juice. It's a delicious blend of peach, orange and lemon-lime."
9,"Swirl layers of red strawberry margarita with yellow mango margarita in this skinny frozen cocktail for a festive party drink that will wow your guests. It tastes just as good as a restaurant frozen margarita, without all the sugar! #spring #springrecipes #healthyspringrecipes #healthyspringfoods #springfoods #springrecipeideas #recipe #eatingwell #healthy"
10,New York Whiskey Sour Cocktail - a classic whiskey sour gets a fruity twist with a float of red wine!  So pretty to look at and so delicious to drink!
10,Blueberry Lemon Vodka Spritz â€¢ Serendipity by Sara Lynn
10,Healthy Strawberry Mocktail Spritzer {Strawberry Limeade}
10,Caramel Apple Hot Toddy
10,"Brazilian Lemonade is a creamy, smooth refreshing lime drink native to Brazil. This version is just like the one Tucanos Brazilian Grill makes!"
11,The Secret to Making Fancy Coffee Drinks at Home + Cinnamon Vanilla Iced Latte Recipe
11,The Manhattan is one of the finest and oldest cocktails around. Itâ€™s a classic and sophisticated cocktail.
11,Passionfruit Paloma
11,Sunset Martinis
11,"When you are going to indulge in a Bloody Mary drink, Go Big or Go Home!! This is THE Ultimate Bloody Mary Recipe, exploding with flavor and practically a meal in itself. No bloody mary mix required."
12,"These Mint + Lime Slushies are a refreshing afternoon drink made with limes, mint, a touch of honey, sparkling water and lots and lots of ice. A perfectly healthy summer drink for the entire family (and a few suggestions for boozing it up for the adults!). #slushie #summer #drinks #kids #mocktail #sugarfree #healthydrinks"
12,Frozen Cherry Cosmopolitan
12,How to make Starbucks Strawberry Acai Refresher or Pink Drink at Home
12,Whipped Kool Aid : A refreshing & Unique Kool Aid drink
12,Cantaloupe Melon and Kiwi Agua Fresca - Foodness Gracious
13,Sparkling Peach Lemonade
13,Looking For Refreshing Summer Drink Recipes? One Of Our Favorite Summer Drinks Is This Cherry Limeade. It Tastes Just Like Sonic Cherry Limeade! Now You Can Make It At Home With Our Cherry Limeade Recipe! #drinkrecipes #limeade #cherrylimeade #cherry #summerdrinks #sonicdrinks #soniccherrylimeade #beverages #summerrecipes #colddrinks
13,"Beach Water Cocktail - just Sprite, Vodka and Rum"
13,"Lemon Basil Spritzer~ Non Alcoholic ""Mocktail"" #lemonbasilspritzer #nonalcoholic #mocktail #keto #holidaydrinks"
13,Corona Sunrise
14,Making a caramel iced coffee in a mason jar.
14,Peach Lemonade Slush Recipe
14,Fuzzy Leprechaun Cocktail ~ The drink is bright green but tastes like a peach.
14,Cinnamon Bourbon Old Fashioned | halfbakedharvest.com #bourbon #cocktail
14,BEST Southern Sweet Tea Recipe! {With a Secret Ingredient}
15,Easy Non-Alcoholic Strawberry Mojito
15,"Weihnachtlicher Drink mit Lillet, Birne und Zimt"
15,Homemade Southern Strawberry Lemonade
15,"The New Orleans Hurricane Drink is the quintessential NOLA cocktail that always get the party started. Perfectly sweet, tropical, and highly addictive, they bring a little bit of The Big Easy right to your home.  #drink #alcoholicdrink #alcohol #hurricanedrink #cocktail #neworleans"
15,Cherry Limeade
16,Hawaiian Champagne Punch is the best mimosa recipe! Make it for brunch or for a party â€“ itâ€™s the perfect way to bring Hawaii to you!
16,Coconut Lavender Lemonade - Jen Around the World
16,
16,Gin Cucumber Cooler
16,Malibu Summer Rose Cocktail
17,Pineapple Margaritas - Tornadough Alli
17,Kool-Aid Slushie Recipe | Kid Friendly Things To Do
17,How to Make Electrolyte Water - The Dumbbelle
17,"Learn how to make agua fresca, a simple, refreshing, non-alcoholic blended drink of fruit, lime, and water. They're great for Cinco de Mayo and warm summertime fun! | #nonalcoholic #drinks #healthyrecipes #noaddedsugar | Nutrition to Fit"
17,Root Beer Slushie Recipe! ~ at TheFrugalGirls.com ~ nothing beats ice cold Root Beer Slushies on a hot day! The perfect refreshing drink for kids and adults! #slushy #recipes #thefrugalgirls
18,Cranberry Bourbon Sour | halfbakedharvest.com #bourbon #thanksgiving #cocktails #holiday #christmas
18,Icy Pineapple Cherry Lemonade for the summer!
18,"Cinnamon spice and everything nice! This creamy and rich homemade horchata recipe is surprisingly easy to make at home; all you need are a few basic ingredients, a blender, and a mesh strainer. With warming cinnamon spice, this easy horchata would be delicious mixed with rum."
18,Passion Fruit and Gin Fizz Cocktail - Food Duchess
18,"This Pineapple Strawberry Mimosa is crisp and refreshing and perfect for brunch! It's a stand-by classic with a sweet, fun twist."
19,Frozen Watermelon Slushies. The best and healthiest picnic drink this summer!
19,
19,"Mocktail Recipe - Easy Non Alcoholic for Parties Drink!  Dreaming of Hawaii?  Well, this EASY Sparkling Pineapple Mocktail Recipe is just what your day needs!  Go on and kick back, relax, and get ready for tropical bliss with each sweet and fizzy sip!  Go grab the recipe and give it a try this week!"
19,How to Make Homemade Soda + 5 Easy Caffeine-Free Homemade Soda Recipes â€¢ A Sweet Pea Chef
19,Recipe: Easy Italian Cream Soda - See Vanessa Craft
20,Italian Sodas recipe for a self serve Italian Soda Bar at your next party! details at TidyMom.net
20,Video showing how to make homemade blueberry soda.
20,"7 receitas de soda italiana, uma bebida refrescante e bem saborosa"
20,Enjoy summer in a glass with Blueberry Cream Soda Floats made with homemade blueberry soda and vanilla ice cream
20,Virgin Mojito (Non-Alcoholic Mojito Mocktail) - 40 Aprons
21,18 Ice Cream Sodas That Will Float Your Boat
21,This easy and refreshing DIY cherry soda will keep you feeling alert through the afternoon slump â€“ no caffeine necessary!
21,Lovinâ€™ Fresh: Lavender Lemon Homemade Soda Recipe
21,How to Make Italian Cream Sodas (Refreshing Summer Drink!)
21,"Strawberry Cream Soda made with just a few ingredients.  Fresh strawberries, cream and club soda.  the perfect drink for spring and summer ##strawberries #drinks #beverages #strawberry #strawberrydrink #creamy #summerrecipes #fresh"
22,soda syrup recipe and tutorial from nelliebellie.com. these are easy to make and so much better for you!
22,Strawberry Basil Sodas via forkknifeswoon.com | @forkknifeswoon
22,Grapefruit Soda Syrup Favors with Free Printable Labels
22,
22,Matcha (Green Tea) Soda Recipe. #matcha #greentea #icedtea
23,Fermented Elderberry Soda with Ginger and Honey (Made with Wild Yeast)
23,2 POWERFUL HAIR GROWTH SEEDS - regrow thinning hair - The Little Shine
23,Make an easy Sparkling Raspberry Soda with a simple sugar free raspberry soda syrup and sparkling water! This Raspberry Soda makes a refreshing drink. #sugarfreeraspberrysoda #raspberrysodarecipe
23,How to Build an Italian Soda Bar
23,Apply Baking Soda Under Your Eyesï¿½ 5 Minutes Latterï¿½ You Will Be Amazed!
24,Baking Soda Shampoo: It Will Make Your Hair Grow Like It Is Magic!
24,Vanilla Raspberry Italian Cream Soda
24,How to Make Italian Cream Sodas (Refreshing Summer Drink!)
24,3 Healthy Alternatives To Soda - Primally Inspired
24,"DIY Healthy Soda Syrup Recipe - low fat, gluten free, sugar free, all natural"
25,Homemade soda is just a mix of flavored syrup and seltzer or club soda. Adjust the ratio depending on how sweet you like it.
25,Italian Soda Recipe
25,"Are you aware of the beauty benefits of Baking Soda? If your answer is no, then you are the right place! This post let's you know the amazing beauty benefits associated"
25,Water Kefir Soda Recipes
25,14 Surprising Beauty Benefits of Baking Soda You Must Know!
26,Raspberry Italian Soda
26,
26,How To Use Coconut Oil And Baking
26,How to throw a self-serve Italian Soda Bar (with printable poster)
26,"Pink Dragon Fruit Soda by kitchenkonfidence: Made with pink dragon fruit, lime juice, simple syrup and soda water. No worries, you can substitute any fruit! #Dragon_Fruit_Soda #kitchenkonfidence"
27,"This Vanilla Raspberry Italian Cream Soda is sparkling with summer flavor, fresh raspberries, & creamy texture. This non-alcoholic drink recipe is perfect for a large family dinner, a small dinner party, & can even be doubled for a large group of friends."
27,Soda Making at Home
27,Ginger Beer Cherry Vodka Soda.
27,Naturally Flavored Water
27,blackberry elderflower ice cream soda
28,
28,Blueberry syrup for drinks
28,How to Use Baking Soda for Dark Circles Under Eyes?
28,Fresh Raspberry Syrup for Drinks
28,How to Have Beautiful Hands and Feet with Baking Soda
29,"How to Make All Natural Sugar Free Fruit Soda for refreshing and healthy hydration without the chemicals, corn syrup, and artificial ingredients! www.superhealthykids.com"
29,How to Use Baking Soda for Dark Circles
29,Italian Cream Soda Recipe
29,Pinterest Placard | 21 Refreshing Homemade Soda Recipes Perfect This Summer
29,"Our blueberry simple syrup recipe shows you how to make a sweet blueberry syrup from scratch. Use it to flavor cocktails, drinks, and sodas! #berlyskitchen"
30,"AD: This Vanilla Raspberry Italian Cream Soda is sparkling with summer flavor, fresh raspberries, & creamy texture. This non-alcoholic drink recipe is perfect for a large family dinner, a small dinner party, & can even be doubled for a large group of friends. #ad #ToraniEndlessSummer"
30,You can make your own fancy soda at home!! This Blackberry Lime Soda is sweet and sour and tart and refreshing - perfect for an afternoon treat!
30,YeÅŸil Ã‡ay Soda Limon (Deneyenler Kesin SonuÃ§ AldÄ±) - Nefis Yemek Tarifleri
30,"Honey-Sweetened Ginger Beer {probiotic, non-alcoholic, GAPS-friendly natural soda!}"
30,A Guide to Giving Up Soda (no 12-step program required) | Working at Homeschool
31,How to Make a Ginger Bug for Wild Fermented Sodas
31,The+Soda+Challenge
31,Strawberry Tequila Sodas
31,Lavender Lemonade - Food Duchess
31,21 Refreshing Homemade Soda Recipes Perfect This Summer
32,"I have one last trick up my sleeve... If you won't EAT your probiotics, surely you'll DRINK them! We all know about Kombucha and kefir... here are 56 more fermented beverages *beyond* kombucha and kefir! Who knew there were so many variations of kvass and homemade soda?! #tradcookschool #fermentation #probiotics #guthealth #kombucha"
32,Homemade Soda Pop! - Weed 'em & Reap
32,Get the full recipe at berlyskitchen.com. Our cherry simple syrup recipe is the perfect way to add a ton of cherry flavoring to any drink. Try adding it to your favorite cocktails and sodas.
32,The Gin Rickey is a classic cocktail that is super simple and easy to make. Just add gin and club soda to make this delicious and refreshing spring and summer cocktail.
32,"Get ready to enjoy a flavorful and easy homemade Italian Cream Soda when you whip up a fresh berry syrup, top it with sparkling water and cream! Yum! #SparklingHolidays AD"
33,Ginger bug (levain de gingembre) facile pour vos sodas maison !
33,Homemade Cranberry Soda
33,"Strawberry, Lemon, and Basil Soda"
33,11 Unusual Uses for Coffee
33,Strawberry Coconut Cream Soda
34,Italian Cream Soda from Food.com: This is one of my husband's favorite drinks to get at the coffee shop. You can make it at home. I don't care for them much but they are very popular!
34,Strawberry Tequila Sodas
34,"Boozy Cream Soda Floats is THE ice cream treat for summer. An easy recipe mixing vanilla ice cream, A&W cream soda and spiced rum creates a fizzy, creamy adult drink. Perfect for hot days. Looking for a non-alcoholic version suitable for the kiddos, just omit the booze. Finish it off with whipped cream and caramel sauce #icecreamfloat #creamsoda #floats #booze via @Candy Jar Chronicles"
34,Ginger Beer Cherry Vodka Soda | halfbakedharvest.com @hbharvest
34,How to Make Lacto-Fermented Raspberry Soda
35,"All-time Favorite Party Drink - this Pink Drink recipe (aka Baby Shower Punch) takes a minute to make and is made with 3 ingredients includingÂ  -Â  pink lemonade dry mix, sprite, & pineapple juice!"
35,"Sweet Tea! 6 regular tea bags 1/8 teaspoon baking soda 2 cups boiling water 1 1/2 cups sugar 6 cups cold water What To Do Place tea bags, baking soda, and boiling water together in a sauce pan. Let it sit for 15 minutes. Take teabags out, then add sugar. Mix till dissolved. Add cold water. Chill and serve with ice Enjoy!"
35,Overloaded with blueberries and don't want to make any more jam or dehydrate them? Try making your own Blueberry Soda!
35,ðŸ’ Cherry Vanilla Vodka Soda
35,Red Cream Soda Floats thecraftedsparrow.com
36,Cherry Vanilla Italian Soda
36,Italian sodas
36,This homemade deodorant is made from a few effective ingredients without baking soda which can be harsh on your armpits and cause a rash.
36,
36,"Cucumber Mint Cooler topped with your choice of club soda, seltzer, or water, and a squeeze of lime juice. It's cool, fizzy, and super refreshing.| Food to gladden the heart at RotiNRice.com"
37,50+ Probiotic & Fermented Drinks... Beyond Kombucha & Kefir!
37,Refreshing Homemade Lavender Soda | Henry Happened
37,"Our favorite summer cocktail recipe! Try this sparkling grapefruit bikini cocktail made with grapefruit juice, jam, vodka and grapefruit soda!  #summer #cocktails #vodka #recipes #grapefruit #parties #entertaining"
37,Mango Dragonfruit Refresher
37,"(Image credit: Apartment Therapy) Pink grapefruit and pomegranate comprise the main ingredients in this gorgeously hued soda, and yet you might have a hard time picking out either flavor. What it does taste like is the holidays: merry, bright, a little spiced and very festive.To make the syrup for this seasonal fruit soda, you simply"
38,Melon Ball Punch AKA Bottled Summer
38,"Cranberry, Tangerine, Rosemary, And Cream Soda Mocktails | Spoon Fork Bacon"
38,Homemade Cherry Lime Soda >> Beverages & Popsicles--Non Alcoholic <<
38,Homemade Mouthwash Recipe.   1 cup of water (filtered is best) 1 tablespoon alcohol-free witch hazel (where to buy) 1 teaspoon fractionated coconut oil  1 Â½ teaspoon baking soda 12 drops of essential oils* Mason jar for storage
38,Pink Grapefruit and Pomegranate Soda
39,Rezept Limonade. Gesunde Limonade. Limo Rezept. Party Drink. Einfaches Rezept fÃ¼r KrÃ¤uterlimonade aus naturtrÃ¼bem Apfelsaft & frischen KrÃ¤utern. Schmeckt der ganzen Familie - kann ganz kalorienarm mit Stevia zubereitet werden.
39,This Recipe Will Help You Get In Shape For Summer | Weight Loss
39,Peaches & Cream Float
39,4-Ingredient Mocktail Three Ways!
39,MALIBU ORANGE FLOAT by Tabatha H - Key Ingredient
40,"56 Fermented & Probiotic Drinks {beyond kombucha & kefir} | I have one last trick up my sleeve... If you won't EAT your probiotics, surely you'll DRINK them! We all know about Kombucha and kefir... here are 56 more fermented beverages *beyond* kombucha and kefir! Who knew there were so many variations of kvass and homemade soda?! | TraditionalCookingSchool.com"
40,12 Clean Drinks Better than Soda
40,New Questions About Baking Soda to Grow Hair Answered and Why You Must Read Every Word of This Report - Healthy Medicine Tips
40,Watermelon Soda - Turn juicy watermelon into a refreshing watermelon soda with a twist of lime! Great to beat the heat this summer!
40,Mango Dragon Fruit Refresher
41,This post gives a great tip on how to save money on SodaStream syrups.
41,image d'Ã‰pingle
41,image d'Ã‰pingle
41,6 delicious green juices/healthy lifestyle
41,12 Healthy Blender Vitamix Juice Recipes
42,
42,Carrot Juice Recipe with Orange & Ginger
42,Frozen Orange Prosecco- Frozecco- mixed with freshly squeezed orange juice and blended for a slushy like consistency. This is one easy drink that you have to make this summer! via @foodnessg
42,
42,Anti-Inflammatory Juice
43,"This Green Juice Recipe is perfect for beginners and is packed with spinach, celery, cucumber and more green goodness!"
43,Refreshing Carrot Ginger Juice
43,"Celery Juice for Beginners: Benefits, Side Effects and Recipes!"
43,Orange Creamsicle Overnight Oatmeal Smoothie | running with spoons
43,Keto Chocolate Milkshake
44,"Four ingredients are all you need to make your own sweet, creamy homemade yogurt drink."
44,"Making a smoothie is a great opportunity to pack fruits, vegetables, protein, and good fats into a drinkable meal or post-workout snack."
44,"Creamy, tangy kefir is very similar to yogurt in its flavor and healthy levels of probiotic bacteria, but it's in a thinner, drinkable form. It's much easier for the home..."
44,"Basil Rhubarb Shrub Recipe for Cocktails or Mocktails (Rhubarb Drinks). Rhubarb cocktails and mocktails are sweet and tart, Shrubs are also called drinkable vinegar, an old recipe to preserve rhubarb now in cocktail bars. Itâ€™s great for unusual cocktails as it has a different flavor from rhubarb syrup. A vegan, gluten free rhubarb drink you can mix it with soda for a mocktail or gin, vodka, rum. Summer cocktails. Summer drinks. Rhubarb cocktail recipes. Rhubarb cocktail vodka. Spring cocktails."
44,Green Collagen Smoothie Recipe
45,"This pumpkin pie smoothie recipe is healthy, vegan, dairy-free, and perfect for the fall season! It's packed with classic fall flavors like cinnamon, maple, pecan, nutmeg, and ginger. This beverage is a great way to use leftover pumpkin puree from all of your fall baking activities. Enjoy this pumpkin smoothie for breakfast or dessert. It tastes like a drinkable pumpkin pie! #pumpkin #pumpkinspice #pumpkindesserts #pumpkinrecipe #fallrecipes #smoothie #smoothierecipe #breakfastrecipe"
45,"Drink up this healthy Banana Smoothie with Yogurt whether youâ€™re on the run or staying in, itâ€™s a refreshing and nutritional smoothie to start the day. #smoothie #drinks"
45,Focus-Fueling Matcha Ginger Smoothie Recipe
45,10 Delicious Drinkable Desserts | The Leaf
45,"Pomegranate juice is packed with antioxidants and antiaging properties, making it a nutritious addition to your daily diet. What more can you ask for in a drinkable meal? Recipe: Pomegranate-Berry Smoothie   - Delish.com"
46,"Strawberry Lime RosÃ© Sangria recipe - This light, refreshing, and simple sangria is perfect for sipping on a toasty summer afternoon. The bright ruby-red hue is compliments of starting with a nice pink rose wine, and then soaking strawberries in it. Lime adds a zesty bite, rum gives it a bit more potency, and lemon-lime soda mellows the whole thing out and makes it entirely too drinkable."
46,"Rhubarb cocktails and mocktails are sweet and tart, Shrubs are also called drinkable vinegar, an old recipe to preserve rhubarb now in cocktail bars. Itâ€™s great for unusual cocktails as it has a different flavor from rhubarb syrup. A vegan, gluten free rhubarb drink you can mix it with soda for a mocktail or gin, vodka, rum. Summer cocktails. Summer drinks. Rhubarb cocktail recipes. Rhubarb cocktail vodka. Spring cocktails. #rhubarb #rhubarbrecipes #cocktail #drink #gincocktail #sourcocktail"
46,"If you're tired of sweet green smoothies, try this savory version instead. Iâ€¦"
46,This list of my top 10 hot drink recipes may come in handy this winter! You'll find everything from hot chocolate to wassail to drinkable custard!
46,"Vitamix Blender Smoothie Cookbook 1500 will change your life.This quick & easy to use guide will show you how to make the most of all the nutrients that natural foods have to offer in delicious smoothies, juices, nut milks, spices, homemade creams and butters and much more.The Complete Book of Smoothies includes: Creative recipesSip on health-boosting blends, protein powerhouses, antioxidant-rich recipes, classic green smoothies, kid-friendly beverages, and drinkable desserts.Prep and setupD"
47,Pumpkin Smoothie and Hot Chocolate l Drinkable pumpkin for breakfast or dessert l Homestead Lady (.com)
47,Drinkable cookie dough
47,5 Drinks For Beauty - mindbodygreen.com
47,"Heavenly Raw Cacao, Almond Butter & Oats Smoothie"
47,Creamy Date Coffee Breakfast Smoothies
48,Spring Greens and Berry Pear Layered Smoothie
48,Blueberry Butterfly Tea
48,Get Cash Back on LALA Yogurt Smoothies with iBotta - Mom Always Finds Out
48,"Gin cocktails: London Fog - made with Highclere Gin, pear liqueur, and rosemary peppercorn syrup"
48,Letâ€™s make a Berry Basil Smash cocktail!
49,Sparkling Ice slushies
49,Blood Orange Gin & Tonic Recipe
49,Butterfly Pea Flower Gin & Tonic
49,Sparkling Italian Greyhound
49,Lavender Mai Tai
50,Sunset Passion | Ciroc Passion
50,Grapefruit Tequila Mimosa
50,dragon fruit drink
50,Ciroc Summer Citrus
50,... pear and ginger sparklers ... #cocktailrecipes
51,Mensen onspan eens jullie werken zo hard jullie verdienen het <3
51,Zombie Drink ðŸ§Ÿâ€â™€ï¸
51,
51,Strawberry Butterfly Splash #cafeathome #aesthetics #drinkrecipes #blackgirlmagic #starbucks #drinks
51,Limoncello Spritz Cocktail
52,Malibu Bay Breeze ðŸ‘ðŸ½
52,Jack Frost Lemonade
52,Ciroc Pomegranate + Svedka Mango Pineapple Cocktail
52,The amazing spring smoothie that can get you detox'ed now! Photo by Maria Carey
52,Frozen mango caipirinha | Jamie Oliver recipes
53,"Oster-EierlikÃ¶r-Milchshake - Drinks, Cocktails und Longdrinks mit EierlikÃ¶r"
53,Summer Rainbow
53,EASY HORCHATA RECIPE
53,Easy cotton candy cocktail
53,Spring Peach Spritz
54,Fun Summer Flower Cocktails
54,ðŸ§‹Boba FlavoursðŸ§‹
54,5 Best Bedtime Drinks for Weight Loss
54,Saftiger Red Bull Cocktail mit MandarinenðŸ¹ðŸŠðŸ˜
54,Iced Lemonade Coffee Recipe With Butterfly Pea Tea & Fruit Ice Cubes
55,Pineapple Sangria
55,"In our humble opinion, there is nothing more refreshing and invigorating than iced matcha green tea. This gorgeous drink is sure to become a warm-weather favorite for your mid-day pick-me-up needs."
55,"Made with Sparkling Ice Fruit Punch, this mocktail is a summertime family favorite. Tap the Pin for details."
55,Vanilla Turmeric Tea (Golden Milk)
55,Recipe: Watermelon-Strawberry Water
56,23 Delicious Mocktails For When You Just Can't Drink Anymore
56,Fresh Homemade Mango Pineapple Lemonade | I Heart Recipes
56,Skinny Pomegranate Strawberry Smoothie #skinny #smoothie #smoothierecipes #strawberry #pomegranate
56,The Dupe Guide â€“ Loaded Teas
56,"Quench your thirst with this Blackberry & Lime Chia Fresca! Delicious, refreshing and healthy. #vegan #recipe #ericksonwoodworks"
57,Cucumber Ginger Mint Agua Fresca Recipe | A Spicy Perspective
57,Raspberry Lemon Drop Recipe With Edible Roses
57,PINEAPPLE GINGER JUICE
57,How to Cold-Brew Yerba Mate
57,Cool and refreshing Strawberry Cucumber Lime Agua Fresca. This fruit infused water is free of refined sugars and perfect for sipping on hot summer days!
58,Easy Peach Tea Recipe!
58,"How To Make Homemade Chai Tea | Super easy to make at home iced or hot, or make as a concentrate to give as gifts! gimmesomeoven.com"
58,Passion Fruit Lemonade Â» LeelaLicious
58,Dreamy Gin & Tonic
58,"With 6 simple ingredients, this refreshing Strawberry Vodka Cocktail comes together in minutes. The perfect balance of sweet and tart, this easy cocktail is a sure hit at your next summer event. #vodkacocktail #summercocktails #strawberryrecipes"
59,"Strawberry Watermelon Smoothie {Vegan, Dairy-Free, Gluten-Free, 3 Ingredients}"
59,Pear nectar and thyme mimosa!
59,"Beat the heat and embrace the chill with this Tropical Pineapple Strawberry Swirl Smoothie! Featuring swirls of pineapple and strawberry smoothie, this easy peasy recipeÂ takes only a few minutes to make!"
59,Best Peach Sangria Recipe [Video]
59,Passionfruit & ginger cocktail - Simply Delicious
60,"Frozen Peach Bellini Mocktail (Paleo, Healthy & AIP)"
60,Recipe Review: Cajun Lemonade Straight Up Cocktails and Spirits
60,"Lemon Basil Spritzer~ Non Alcoholic ""Mocktail"""
60,Strawberry Cucumber Basil Water - A Spa Water Recipe | Garlic & Zest
60,aesthetic
61,strawberry milkðŸ“ðŸ“
61,This Mango Lemonade Recipe is perfect for summer entertaining. It' super easy plus there is a great alternative for a super healthy drink!
61,Tequila + POG juice = perfection ðŸ‘Œ
61,Coffee Smoothie with Banana and Oats
61,Old-Fashioned Homemade Ginger Beer
