,id,description,index
0,cdc6462c5fa6ce730e46a7c406859415.jpg,"This refreshingly sweet watermelon lemonade is made with only two ingredients and contains no added sugars, It is the perfect drink for hot summer days.",1
1,537f7a51a396e79585c1fcce593a1a80.jpg,Recipe: Sparkling Strawberry Cucumber Mocktail,2
2,72c21d9bedadc9a9f6c70847ab5a1b75--blueberry-mojito-blueberry-tarts.jpg,"Blueberries are delicious and CHEAP in the summer, so you might as well throw some into your drink. Recipe here.",3
3,31e6e62befb47cbdfa286382503bd19a.jpg,"The Best Virgin Strawberry Daiquiri Youâ€™ll Ever Taste: this non alcoholic strawberry drink recipe is the ultimate frozen drink to enjoy this summer. Itâ€™s easy to make in your blender with just a few ingredients, and itâ€™s sure to be a favorite treat for kids, teens, and party guests. | www.savortheflavour.com #mocktail #nonalcoholic",4
4,f85c2e7e8bb4fcf2e9f6ab83fcd57012.jpg,Easy Keto Mojito,5
5,3f32941eb6f31b5b7b972da29aefa329.jpg,Vanilla Chai Old Fashioned.,6
6,bd8f147000610626d786855215211d8a.jpg,Rabarber Gin Hass - LÃ¦skende og smuk drink med rabarber og gin,7
7,666f4f3ac95b563df25ae56df8c0a133.jpg,9 Starbucks Drinks Under 100 Calories,8
8,79c0e0f1969736d769eae708baff4c56.jpg,This Peach RosÃ© Sangria is an easy to make summer cocktail thatâ€™s perfect for a party or sipping on the patio on a hot day! #sangria #peach #rosÃ© #wine #cocktail #summercocktail #drink,9
9,e3b13031b186cdd6838a894136bd5e33.jpg,Pink SeÃ±oritas,10
10,a767cc4047f1d167161d68c34b1fa3b0.jpg,Giggle Juice,11
11,73accea933ecc2ac0269340718cf615e.jpg,Iced Mexican Mocha,12
12,53fb788766d83cbf8d2ec69585eb1384.jpg,Non-Alcoholic Sangria,13
13,f4a8d52c173f1d08bcd642c5541aec1c.jpg,Lavender Gin and Tonic Punch #cocktail #lavender #purple #punch #ginandtonic #gin #spring #babyshower #brunch #drinks,14
14,7d84c9fbb71f6a5bbfa3d7f5b72d747c.jpg,Homemade Mocha Frappuccino,15
15,f7854799e01511ef4f4d0763a30d353f.jpg,Starbucks Pink Drink,16
16,80e750de5eecf7799e5e93bcf1a18647.jpg,Mermaid Slush,17
17,0149982c2fc1c31600930211b7744d2a.jpg,Cotton Candy Drinks Kids will Love,18
18,579191372afc5de455953a313863ff0a.jpg,Color-Changing Lemonade Slushies,19
19,eab5c6c751d98e5d08b92350b8d6a169.jpg,stay hydrated,20
20,fc78882163bfb98dc6b439e6e354818e.jpg,Gingerbread White Russian.,21
21,e7e803efd40dbd66b1b73a5f3350c810.jpg,Tropical Rum Punch,22
22,e93032193ac2237fe460a5aaf5431c8d.jpg,3-Ingredient Korean Strawberry Milk,23
23,89c9cb4baedf58867465ddaa98b70d79.jpg,Tropical Rum Punch,24
24,f3959c27c73bd7d8084997e67f0a018a.jpg,Delicious Malibu Bay Breeze Drink Recipe!,25
25,776b676369d3679e0552245d94cb7d33.jpg,17 Best Mocktails & Virgin Drinks for Any Special Occasion - This Blue Dress,26
26,02630e42dadc6c3d940d2bcca9446ce1.jpg,Mermaid Rum Punch,27
27,c28635938594bf50988286a2dc57317a.jpg,RED RASPBERRY ICED TEA,28
28,b632397869d81c8062e0f6de348520b7.jpg,"Cucumber, Mint and Lime Refreshers",29
29,da452174a1e087d0cc8aad43076e707f.jpg,Sparkling RosÃ© Margaritas | Fed & Fit,30
30,61c1109532a3637460ed6e7a64704023.jpg,31 Mocktail Recipes That Go Beyond Seltzer and Fruit Juice,31
31,42d0eb4fd0a0fd67e4d03e39927c3da8.jpg,Long Beach Iced Tea | Mix That Drink,32
32,dafce762b6844cfbed5d406807047d93.jpg,image of an agua fresca summer drink.,33
33,3fd4e966debbe4810a4012546a084da2.jpg,Boozy Whipped Coffee,34
34,d5fa71491ad61281e8df93aede5a1959.jpg,Cherry Bourbon Smash or Cherry Bomb â€¢ The Fresh Cooky,35
35,91b6100e16f7e08a4b77755e7af6513c.jpg,Virgin Peach Daiquiri,36
36,d01fa695e3db6d0ff9cf9055a1bd8b9d.jpg,Salty Dog Cocktail Recipe - The Perfect Summer Drink,37
37,1e4829d9ded11f607d6ff5bba08b7fef.jpg,"Raw, healthy and refreshing cucumber mint lemonade, the perfect summer drink #lemonade #plantbased #veganrecipes #summer",38
38,bf0d35b5a2153375bee03ce5f3e31b3e.jpg,Healthy Cucumber Lemonade,39
39,d48680d38efd6d16be0b2fa2b519d626.jpg,20 Non Alcoholic Drink Recipes,40
40,8b07244739a7b415344fd1ab49f134b1.jpg,Sparkling Strawberry Punch is a delicious non-alcoholic punch drink recipe. Whips up in minutes and perfect for a party!,41
41,1b06e9cc603ae39f4d9a3b78e794b772.jpg,How to Make Whipped Coffee Three Different Ways â€” Eat This Not That,42
42,19042e075d2220bbbffe63dacafb300d.jpg,Starbucks gummy bear refresher <3,43
43,3978e9e63887ff01c99da3ce871cf8a9.jpg,Creamy Root Beer Rum Cocktail,44
44,99c03d4bdcdf9f2c36b0f56208ee1501.jpg,"These Cucumber Melon Gin Spritzers are the most refreshing summer cocktail! They're made with a cantaloupe simple syrup, fresh mint, sliced cucumber, gin of course, and a splash of soda water! #cocktail #gin #summercocktail",45
45,e04cedeb80c615f30c5fc812ca5582c6.jpg,How To Make Cheap Copycat Homemade Starbucks Drinks,46
46,65ed2ba0871c0d69a0e94599f107c14a.jpg,Healthy Homemade Frappuccino,47
47,09ca37784083dbb0fec41578badd58e9.jpg,"This homemade mint lemonade is refreshing, tasty and perfect for summer parties. This summer drink is made with fresh lemon juice and fresh mint and only takes minutes to make. #happyfoodstube #mint #lemonade #drink #recipe #summer #healthy #detox #vegan #refreshing #paleo via @happyfoodstube",48
48,01dd601181a347987461b9e993733952.jpg,"The Sex in the Driveway cocktail recipe is a blue variation on Sex on the Beach. The difference is the stunning blue color and no cranberry juice. It's a delicious blend of peach, orange and lemon-lime.",49
49,5b7eea318b4307a99e37dfcc9d45356d.jpg,"Swirl layers of red strawberry margarita with yellow mango margarita in this skinny frozen cocktail for a festive party drink that will wow your guests. It tastes just as good as a restaurant frozen margarita, without all the sugar! #spring #springrecipes #healthyspringrecipes #healthyspringfoods #springfoods #springrecipeideas #recipe #eatingwell #healthy",50
50,6e33625f094cf0ca5642b6c748053ea7.jpg,New York Whiskey Sour Cocktail - a classic whiskey sour gets a fruity twist with a float of red wine!  So pretty to look at and so delicious to drink!,51
51,ca2064e8dbb4b14bd0ba9c1bc1e2405a.jpg,Blueberry Lemon Vodka Spritz â€¢ Serendipity by Sara Lynn,52
52,40adff37342b67c0e7c8ed4a75809457.jpg,Healthy Strawberry Mocktail Spritzer {Strawberry Limeade},53
53,7003e33732daf6d88b7ec6c0ac75f9e4.jpg,Caramel Apple Hot Toddy,54
54,5e5db839368d8c025da5c3aa4852a7c8--brazilian-grill-lime-drinks.jpg,"Brazilian Lemonade is a creamy, smooth refreshing lime drink native to Brazil. This version is just like the one Tucanos Brazilian Grill makes!",55
55,6ef310c129d12edb11255d3669b95d38.jpg,The Secret to Making Fancy Coffee Drinks at Home + Cinnamon Vanilla Iced Latte Recipe,56
56,833de7de08d38ead167c99aef5befb96--red-wine-cocktails-red-wine-cocktail-recipes.jpg,The Manhattan is one of the finest and oldest cocktails around. Itâ€™s a classic and sophisticated cocktail.,57
57,7a52ea1295472e69ae11c132d7494e51.jpg,Passionfruit Paloma,58
58,1539923e8dce74d45f11eecbfc5226dd.jpg,Sunset Martinis,59
59,3f6f686967cdaf8bc9609a43376cdb55--bloody-mary-mix-bloody-mary-recipes.jpg,"When you are going to indulge in a Bloody Mary drink, Go Big or Go Home!! This is THE Ultimate Bloody Mary Recipe, exploding with flavor and practically a meal in itself. No bloody mary mix required.",60
60,d6453760685405fa7e6ad13cf7214670.jpg,"These Mint + Lime Slushies are a refreshing afternoon drink made with limes, mint, a touch of honey, sparkling water and lots and lots of ice. A perfectly healthy summer drink for the entire family (and a few suggestions for boozing it up for the adults!). #slushie #summer #drinks #kids #mocktail #sugarfree #healthydrinks",61
61,b473074a7152a34a722d7bcd7569d69c.jpg,Frozen Cherry Cosmopolitan,62
62,b11efc765c6bc96f2d2a4ee2ac3f4196.jpg,How to make Starbucks Strawberry Acai Refresher or Pink Drink at Home,63
63,9f12ebfe8195f3a769c09357d06eedb6.jpg,Whipped Kool Aid : A refreshing & Unique Kool Aid drink,64
64,fa8322466b0c7f1c4e0b568d500e84b8--summer-drink-recipes-summer-drinks.jpg,Cantaloupe Melon and Kiwi Agua Fresca - Foodness Gracious,65
65,e064f751d27dc455222bf64185094bcc--cold-drinks-alcoholic-drinks.jpg,Sparkling Peach Lemonade,66
66,60bb205daf05ca572d4f4820c5f57476.jpg,Looking For Refreshing Summer Drink Recipes? One Of Our Favorite Summer Drinks Is This Cherry Limeade. It Tastes Just Like Sonic Cherry Limeade! Now You Can Make It At Home With Our Cherry Limeade Recipe! #drinkrecipes #limeade #cherrylimeade #cherry #summerdrinks #sonicdrinks #soniccherrylimeade #beverages #summerrecipes #colddrinks,67
67,ea9c7c5ea0798afefb290c6c56e9260d.jpg,"Beach Water Cocktail - just Sprite, Vodka and Rum",68
68,58c19bd687284c4e346e06d918f73d9c.jpg,"Lemon Basil Spritzer~ Non Alcoholic ""Mocktail"" #lemonbasilspritzer #nonalcoholic #mocktail #keto #holidaydrinks",69
69,65a1caf8dbf55bcb869991f91cf806a8.jpg,Corona Sunrise,70
70,029ea4320daf6afa2094acd66d23eba0.jpg,Making a caramel iced coffee in a mason jar.,71
71,bf8116737be027642020bb05b976c05b.jpg,Peach Lemonade Slush Recipe,72
72,494fc48ffdb9ce73f796fbd589ab3c06.jpg,Fuzzy Leprechaun Cocktail ~ The drink is bright green but tastes like a peach.,73
73,9649a12e8a0617bc642c869ca46ae960.jpg,Cinnamon Bourbon Old Fashioned | halfbakedharvest.com #bourbon #cocktail,74
74,92e7cab532e251af95c063f51a842af2.jpg,BEST Southern Sweet Tea Recipe! {With a Secret Ingredient},75
75,ee8695ade536c2fa9ce405e4f445e329.jpg,Easy Non-Alcoholic Strawberry Mojito,76
76,12448fb5c2f45b12faabbca46d72168f.jpg,"Weihnachtlicher Drink mit Lillet, Birne und Zimt",77
77,589805898d0df821873683269d452ee4.jpg,Homemade Southern Strawberry Lemonade,78
78,b8a7e14a71daac752eb3c72f58c25355.jpg,"The New Orleans Hurricane Drink is the quintessential NOLA cocktail that always get the party started. Perfectly sweet, tropical, and highly addictive, they bring a little bit of The Big Easy right to your home.  #drink #alcoholicdrink #alcohol #hurricanedrink #cocktail #neworleans",79
79,6ad46aa6c68c6482f18b5ca370e2579d.jpg,Cherry Limeade,80
80,fab8e8e4a547aac61bf6ed7639fdb379.jpg,Hawaiian Champagne Punch is the best mimosa recipe! Make it for brunch or for a party â€“ itâ€™s the perfect way to bring Hawaii to you!,81
81,db9bda02b23f0e5c9ed6370925071dae.jpg,Coconut Lavender Lemonade - Jen Around the World,82
82,0f6ae51166c994fe865944bd428d0db5--hendricks-gin-gin-bar.jpg,Gin Cucumber Cooler,83
83,cc7d578ca2e21c55d363b89410a9d0bd.jpg,Malibu Summer Rose Cocktail,84
84,3ed86ec532a3c1098f543b60cd27f41e.jpg,Pineapple Margaritas - Tornadough Alli,85
85,57a3581f422789935f4f78522e220e80.jpg,Kool-Aid Slushie Recipe | Kid Friendly Things To Do,86
86,1e333948aab309a136669cb9cbefad7c--homemade-electrolyte-drink-summer-days.jpg,How to Make Electrolyte Water - The Dumbbelle,87
87,cde64cfa7295301beafb18bd2dd93039.jpg,"Learn how to make agua fresca, a simple, refreshing, non-alcoholic blended drink of fruit, lime, and water. They're great for Cinco de Mayo and warm summertime fun! | #nonalcoholic #drinks #healthyrecipes #noaddedsugar | Nutrition to Fit",88
88,1e12686cdc2eda6d24124b3f5e77037b--beats-camping-drinks-for-kids.jpg,Root Beer Slushie Recipe! ~ at TheFrugalGirls.com ~ nothing beats ice cold Root Beer Slushies on a hot day! The perfect refreshing drink for kids and adults! #slushy #recipes #thefrugalgirls,89
89,085d139854d8c1a509853fd377c7da6d.jpg,Cranberry Bourbon Sour | halfbakedharvest.com #bourbon #thanksgiving #cocktails #holiday #christmas,90
90,c47529b4c82be474508056712610bf4d.jpg,Icy Pineapple Cherry Lemonade for the summer!,91
91,2410a28993d35a31e0cf1b9e6019f96a.jpg,"Cinnamon spice and everything nice! This creamy and rich homemade horchata recipe is surprisingly easy to make at home; all you need are a few basic ingredients, a blender, and a mesh strainer. With warming cinnamon spice, this easy horchata would be delicious mixed with rum.",92
92,642ccb2377b825a8b4edd9636491d20d.jpg,Passion Fruit and Gin Fizz Cocktail - Food Duchess,93
93,47d9a2a05ea84afbc25a2aa4ced581e4--strawberry-mimosa-fancy-drinks.jpg,"This Pineapple Strawberry Mimosa is crisp and refreshing and perfect for brunch! It's a stand-by classic with a sweet, fun twist.",94
94,0c45bb85e475daf9b95c7984b274f374--picnic-drinks-slushie-recipe.jpg,Frozen Watermelon Slushies. The best and healthiest picnic drink this summer!,95
95,84348e084abaa2e7ed5d37835f25201f.jpg,"Mocktail Recipe - Easy Non Alcoholic for Parties Drink!  Dreaming of Hawaii?  Well, this EASY Sparkling Pineapple Mocktail Recipe is just what your day needs!  Go on and kick back, relax, and get ready for tropical bliss with each sweet and fizzy sip!  Go grab the recipe and give it a try this week!",96
96,e8d90a3318f5d480dba4384c1af3a41a.jpg,How to Make Homemade Soda + 5 Easy Caffeine-Free Homemade Soda Recipes â€¢ A Sweet Pea Chef,97
97,77ca30b4d60a590768f94ed8a0e0591c.jpg,Recipe: Easy Italian Cream Soda - See Vanessa Craft,98
98,5d1a180b224ed9cace263af358cb8dc6.jpg,Italian Sodas recipe for a self serve Italian Soda Bar at your next party! details at TidyMom.net,99
99,8704093aa5e26479889d42cf89e6098e.jpg,Video showing how to make homemade blueberry soda.,100
100,96b91408eaf98353525534b6a536ed96--sodas.jpg,"7 receitas de soda italiana, uma bebida refrescante e bem saborosa",101
101,14c85735ebbe794a78e54b39c4582ead.jpg,Enjoy summer in a glass with Blueberry Cream Soda Floats made with homemade blueberry soda and vanilla ice cream,102
102,d7b11777a4f528d2a1550e4922481880.jpg,Virgin Mojito (Non-Alcoholic Mojito Mocktail) - 40 Aprons,103
103,f18785149655df9e138da6474a780787.jpg,18 Ice Cream Sodas That Will Float Your Boat,104
104,64996264f900f6dd9d7c3c9617c9ef55.jpg,This easy and refreshing DIY cherry soda will keep you feeling alert through the afternoon slump â€“ no caffeine necessary!,105
105,5b05c2a78fdf9e89c02a8fb2b6ad61d8--lavender-recipes-lavender-lemonade-recipe.jpg,Lovinâ€™ Fresh: Lavender Lemon Homemade Soda Recipe,106
106,72d1f867c533a6acffe2c6063328f0aa.jpg,How to Make Italian Cream Sodas (Refreshing Summer Drink!),107
107,d7e42818e082a24102d0dd15245d519e.jpg,"Strawberry Cream Soda made with just a few ingredients.  Fresh strawberries, cream and club soda.  the perfect drink for spring and summer ##strawberries #drinks #beverages #strawberry #strawberrydrink #creamy #summerrecipes #fresh",108
108,2a3f37440057a140a20ac3238e5c6192--create-your-own-diy-soda-syrup.jpg,soda syrup recipe and tutorial from nelliebellie.com. these are easy to make and so much better for you!,109
109,8775593ca20f891a609cbd6da59f2862.jpg,Strawberry Basil Sodas via forkknifeswoon.com | @forkknifeswoon,110
110,e06629cc1cbb92b95ccacf4099a8b468.jpg,Grapefruit Soda Syrup Favors with Free Printable Labels,111
111,3d74a526ded770d2113a70853c41b115.jpg,Matcha (Green Tea) Soda Recipe. #matcha #greentea #icedtea,112
112,5de039db3956be5acf9c5918f54ed60b.jpg,Fermented Elderberry Soda with Ginger and Honey (Made with Wild Yeast),113
113,7fc50717aa36ddc5d3e4e124ee83290a.jpg,2 POWERFUL HAIR GROWTH SEEDS - regrow thinning hair - The Little Shine,114
114,24fd74dac3ba10693ad652494540eba9.jpg,Make an easy Sparkling Raspberry Soda with a simple sugar free raspberry soda syrup and sparkling water! This Raspberry Soda makes a refreshing drink. #sugarfreeraspberrysoda #raspberrysodarecipe,115
115,435e085fd0520bcf8212b35811fec0ee.jpg,How to Build an Italian Soda Bar,116
116,566599feea91e3e301893bde0d4b7bae.jpg,Apply Baking Soda Under Your Eyesï¿½ 5 Minutes Latterï¿½ You Will Be Amazed!,117
117,2c44937a9813121dbc9382ed9d37de81.jpg,Baking Soda Shampoo: It Will Make Your Hair Grow Like It Is Magic!,118
118,88b3864cf14f7f2e1c25fd73849d9809.jpg,Vanilla Raspberry Italian Cream Soda,119
119,8260d1baab91a1b69419d6e54965c91f.jpg,How to Make Italian Cream Sodas (Refreshing Summer Drink!),120
120,45e8578aba9c010d5a13dec498f6b090--addicted-to-healthy-tips.jpg,3 Healthy Alternatives To Soda - Primally Inspired,121
121,8c6a8495b11150ecee0b218ab405613c.jpg,"DIY Healthy Soda Syrup Recipe - low fat, gluten free, sugar free, all natural",122
122,3ffe64595d433ecfd7f31cd2de129d0a--food-network-recipes-easy-cooking.jpg,Homemade soda is just a mix of flavored syrup and seltzer or club soda. Adjust the ratio depending on how sweet you like it.,123
123,87c51117f13ff3fa475f388765525267.jpg,Italian Soda Recipe,124
124,252820b002b2cba7601232bb0300d345.jpg,"Are you aware of the beauty benefits of Baking Soda? If your answer is no, then you are the right place! This post let's you know the amazing beauty benefits associated",125
125,e1a52c3684042853640d527046b04ce6.jpg,Water Kefir Soda Recipes,126
126,e3d2a22c7233fa0bf9551fd70fbc6b2e.jpg,14 Surprising Beauty Benefits of Baking Soda You Must Know!,127
127,3bc1d1a78ab0a61a7085d80b89b149ae.jpg,Raspberry Italian Soda,128
128,91d4c35ce7e98876faa0f5611f2584b5.jpg,How To Use Coconut Oil And Baking,129
129,ad99bc635e09605b61de2136fadb3bc6.jpg,How to throw a self-serve Italian Soda Bar (with printable poster),130
130,3ec91f1fd15d9a7ee5792b05e9dc6861--dragon-fruit-recipes-pink-drinks.jpg,"Pink Dragon Fruit Soda by kitchenkonfidence: Made with pink dragon fruit, lime juice, simple syrup and soda water. No worries, you can substitute any fruit! #Dragon_Fruit_Soda #kitchenkonfidence",131
131,49715720faeb7bab37154c7d8215bfd7.jpg,"This Vanilla Raspberry Italian Cream Soda is sparkling with summer flavor, fresh raspberries, & creamy texture. This non-alcoholic drink recipe is perfect for a large family dinner, a small dinner party, & can even be doubled for a large group of friends.",132
132,33d39d2519ff0cd32e6f272edd807852--soda-stream-recipes-sodas.jpg,Soda Making at Home,133
133,212404560c5a117f8add35bd433addac.jpg,Ginger Beer Cherry Vodka Soda.,134
134,eeea50feb0a0776bacb8f12f1d1ab11f--flavored-water-recipes-syrup-recipes.jpg,Naturally Flavored Water,135
135,dc4c3f550fc51e58490f41dced5d7fa4.jpg,blackberry elderflower ice cream soda,136
136,cdcb8eea3bcfb7cc4ffcfd7be6d557ed.jpg,Blueberry syrup for drinks,137
137,7c18a54c351dd159d1f35c855019f2c1.jpg,How to Use Baking Soda for Dark Circles Under Eyes?,138
138,fcac113e9cf0840a80449cda4431d745.jpg,Fresh Raspberry Syrup for Drinks,139
139,5c673a4486e2b40c14b37e4a55e53bc1--baking-soda-face-baking-soda-for-hands.jpg,How to Have Beautiful Hands and Feet with Baking Soda,140
140,6eceb7c687f331ee7ac0cdb85f604e0f--sugar-free-fruits-sugar-cleanse.jpg,"How to Make All Natural Sugar Free Fruit Soda for refreshing and healthy hydration without the chemicals, corn syrup, and artificial ingredients! www.superhealthykids.com",141
141,805f16fc286c35b6896606aa91bf3f63.jpg,How to Use Baking Soda for Dark Circles,142
142,ed16e5a7b64d601e01bdd45fa8aad042--kid-drinks-party-drinks.jpg,Italian Cream Soda Recipe,143
143,3eb1ad12e1c44e20ee3a614ae7821fe8.jpg,Pinterest Placard | 21 Refreshing Homemade Soda Recipes Perfect This Summer,144
144,8b6fac229b99b3231d2ee9effc99fc29.jpg,"Our blueberry simple syrup recipe shows you how to make a sweet blueberry syrup from scratch. Use it to flavor cocktails, drinks, and sodas! #berlyskitchen",145
145,8ba616f51efba1138c5b09f035153d00.jpg,"AD: This Vanilla Raspberry Italian Cream Soda is sparkling with summer flavor, fresh raspberries, & creamy texture. This non-alcoholic drink recipe is perfect for a large family dinner, a small dinner party, & can even be doubled for a large group of friends. #ad #ToraniEndlessSummer",146
146,c3d90819de3f3212ca74f67aa57afffd--lime-drinks-fun-drinks.jpg,You can make your own fancy soda at home!! This Blackberry Lime Soda is sweet and sour and tart and refreshing - perfect for an afternoon treat!,147
147,932d3b54c020f00907caa4c8da43a16a.jpg,YeÅŸil Ã‡ay Soda Limon (Deneyenler Kesin SonuÃ§ AldÄ±) - Nefis Yemek Tarifleri,148
148,247aef97e8f66e9c36bdda32e0a49ec5.jpg,"Honey-Sweetened Ginger Beer {probiotic, non-alcoholic, GAPS-friendly natural soda!}",149
149,e7928c5bf28eb4e9c65bb69ac2d4a281--step-program-giving-up.jpg,A Guide to Giving Up Soda (no 12-step program required) | Working at Homeschool,150
150,27b017773528c28c1bbe1ebc99fef582.jpg,How to Make a Ginger Bug for Wild Fermented Sodas,151
151,c26e84a8a16432f56f414691182f5730--soft-drink-healthy-alternatives.jpg,The+Soda+Challenge,152
152,9e56fb6e4263d85df0af5be756eb83c5.jpg,Strawberry Tequila Sodas,153
153,540d4f09e634e04ed7aef0c611a600f2.jpg,Lavender Lemonade - Food Duchess,154
154,5cc59f5b8af3c03454dec2ffb1e7498d.jpg,21 Refreshing Homemade Soda Recipes Perfect This Summer,155
155,32a20aeb60c4afa87f0dc77292de23d8.jpg,"I have one last trick up my sleeve... If you won't EAT your probiotics, surely you'll DRINK them! We all know about Kombucha and kefir... here are 56 more fermented beverages *beyond* kombucha and kefir! Who knew there were so many variations of kvass and homemade soda?! #tradcookschool #fermentation #probiotics #guthealth #kombucha",156
156,696d32d238665b913908d0f4bb3255f7--water-kefir-weed.jpg,Homemade Soda Pop! - Weed 'em & Reap,157
157,8e3f169d2d7a06cb611fae406a243735.jpg,Get the full recipe at berlyskitchen.com. Our cherry simple syrup recipe is the perfect way to add a ton of cherry flavoring to any drink. Try adding it to your favorite cocktails and sodas.,158
158,4dceb1bec818b9c7c3ce62012df859dc.jpg,The Gin Rickey is a classic cocktail that is super simple and easy to make. Just add gin and club soda to make this delicious and refreshing spring and summer cocktail.,159
159,3398a4f495455bcf6a04cc9b36ce0578--fun-drinks-summer-drinks.jpg,"Get ready to enjoy a flavorful and easy homemade Italian Cream Soda when you whip up a fresh berry syrup, top it with sparkling water and cream! Yum! #SparklingHolidays AD",160
160,3d0d1f1b6a1f003b831153cc6d099787.jpg,Ginger bug (levain de gingembre) facile pour vos sodas maison !,161
161,3f17e8d63aea744f6354edf83542c88a--soda-syrup-homemade-recipe.jpg,Homemade Cranberry Soda,162
162,6aae7f55622362756f52aedcc47d75f7--basil-soda-brunch-drinks.jpg,"Strawberry, Lemon, and Basil Soda",163
163,1f32d6b67cb7b211c8d2498d31edb153--beauty-tricks-beauty-secrets.jpg,11 Unusual Uses for Coffee,164
164,72570cf9ff742425f2185955db6e6687--coconut-cream-coconut-milk.jpg,Strawberry Coconut Cream Soda,165
165,388cc86d4a8f6ffdf96af95ce55dd31d--the-coffee-coffee-shop.jpg,Italian Cream Soda from Food.com: This is one of my husband's favorite drinks to get at the coffee shop. You can make it at home. I don't care for them much but they are very popular!,166
166,837512e2a421261b2760223bf0cd9ec5.jpg,Strawberry Tequila Sodas,167
167,769eddcfff242b4feea6edcff14c9583.jpg,"Boozy Cream Soda Floats is THE ice cream treat for summer. An easy recipe mixing vanilla ice cream, A&W cream soda and spiced rum creates a fizzy, creamy adult drink. Perfect for hot days. Looking for a non-alcoholic version suitable for the kiddos, just omit the booze. Finish it off with whipped cream and caramel sauce #icecreamfloat #creamsoda #floats #booze via @Candy Jar Chronicles",168
168,4e4dab059bd729cf370908a4100cb4e3--sweet-cocktails-fancy-drinks.jpg,Ginger Beer Cherry Vodka Soda | halfbakedharvest.com @hbharvest,169
169,e2bbabf362453601fcbf106c965c9c92--kefir-delicious-recipes.jpg,How to Make Lacto-Fermented Raspberry Soda,170
170,d43a6eccb519cbaf687fb08bcc7e6284.jpg,"All-time Favorite Party Drink - this Pink Drink recipe (aka Baby Shower Punch) takes a minute to make and is made with 3 ingredients includingÂ  -Â  pink lemonade dry mix, sprite, & pineapple juice!",171
171,20b4d8ef5411d2618fc0061cdbf061b5--southern-sweet-tea-what-to-do.jpg,"Sweet Tea! 6 regular tea bags 1/8 teaspoon baking soda 2 cups boiling water 1 1/2 cups sugar 6 cups cold water What To Do Place tea bags, baking soda, and boiling water together in a sauce pan. Let it sit for 15 minutes. Take teabags out, then add sugar. Mix till dissolved. Add cold water. Chill and serve with ice Enjoy!",172
172,9dec7b3fed0c7aac158c64516f409275--food-storage-recipes-lunch-recipes.jpg,Overloaded with blueberries and don't want to make any more jam or dehydrate them? Try making your own Blueberry Soda!,173
173,33a015d93317a6941216caecad953246.jpg,ðŸ’ Cherry Vanilla Vodka Soda,174
174,7d0ea24beb1f4a0f6ef703f9bc48b9a7--summer-drinks-holiday-drinks.jpg,Red Cream Soda Floats thecraftedsparrow.com,175
175,7cc5e3e40857bb50101a369edd87d555--non-alcoholic-beverages-sweet-cherries.jpg,Cherry Vanilla Italian Soda,176
176,d1aa22189d9633f234b5de77475e5ee0--italian-soda-bar-italian-cream-soda.jpg,Italian sodas,177
177,4bb8962d253321b9aa8c3cbd5da4f81a--au-natural-natural-living.jpg,This homemade deodorant is made from a few effective ingredients without baking soda which can be harsh on your armpits and cause a rash.,178
178,f39fc126f6e715c6ab25bea10437b6d6--refreshing-food-refreshing-drinks-alcohol.jpg,"Cucumber Mint Cooler topped with your choice of club soda, seltzer, or water, and a squeeze of lime juice. It's cool, fizzy, and super refreshing.| Food to gladden the heart at RotiNRice.com",179
179,c1f888fdd7bdb3b218d0b8afac1f62c6--probiotic-drinks-alcoholic-drinks.jpg,50+ Probiotic & Fermented Drinks... Beyond Kombucha & Kefir!,180
180,9600a8011a60f24c4adf07004691e39b--lavender-crafts-lavender-recipes.jpg,Refreshing Homemade Lavender Soda | Henry Happened,181
181,264653598d09ea3c3cbb7aa5365002fb.jpg,"Our favorite summer cocktail recipe! Try this sparkling grapefruit bikini cocktail made with grapefruit juice, jam, vodka and grapefruit soda!  #summer #cocktails #vodka #recipes #grapefruit #parties #entertaining",182
182,83c14c59b9aad184bda1b907675b5cce.jpg,Mango Dragonfruit Refresher,183
183,b74ef6209db8f933affd22d873f22662--grapefruit-soda-non-alcoholic-drinks.jpg,"(Image credit: Apartment Therapy) Pink grapefruit and pomegranate comprise the main ingredients in this gorgeously hued soda, and yet you might have a hard time picking out either flavor. What it does taste like is the holidays: merry, bright, a little spiced and very festive.To make the syrup for this seasonal fruit soda, you simply",184
184,9984a5a442932a6227501c3a2403f53c.jpg,Melon Ball Punch AKA Bottled Summer,185
185,87f49edd4fbd96f061de6a6f8bd090dd--cream-soda-ice-cream.jpg,"Cranberry, Tangerine, Rosemary, And Cream Soda Mocktails | Spoon Fork Bacon",186
186,35de510fb62402b459529d4822235436--soda-drink-mineral-water.jpg,Homemade Cherry Lime Soda >> Beverages & Popsicles--Non Alcoholic <<,187
187,9942926cadab7ec15a00b810e0f4e423--homemade-beauty-diy-beauty.jpg,Homemade Mouthwash Recipe.   1 cup of water (filtered is best) 1 tablespoon alcohol-free witch hazel (where to buy) 1 teaspoon fractionated coconut oil  1 Â½ teaspoon baking soda 12 drops of essential oils* Mason jar for storage,188
188,1aad5b1bab396f48c70fcdb90911f730--grapefruit-soda-cocktail-recipes.jpg,Pink Grapefruit and Pomegranate Soda,189
189,c1610c0372f4cc606b28d204b2b0564e.jpg,Rezept Limonade. Gesunde Limonade. Limo Rezept. Party Drink. Einfaches Rezept fÃ¼r KrÃ¤uterlimonade aus naturtrÃ¼bem Apfelsaft & frischen KrÃ¤utern. Schmeckt der ganzen Familie - kann ganz kalorienarm mit Stevia zubereitet werden.,190
190,6ecd458e4380394bcd82f60f10845d83.jpg,This Recipe Will Help You Get In Shape For Summer | Weight Loss,191
191,e5a8e1ddbd2e2515d1a5a0802b8fc2ba--ice-cream-floats-summer-drinks.jpg,Peaches & Cream Float,192
192,63c957c3f59027f5d2e9f22620228283.jpg,4-Ingredient Mocktail Three Ways!,193
193,27242fd68aee287c51d3f1f467d67687.jpg,MALIBU ORANGE FLOAT by Tabatha H - Key Ingredient,194
194,b084d8815a11a3145690d62371c6f47a--probiotic-drinks-fermented-foods.jpg,"56 Fermented & Probiotic Drinks {beyond kombucha & kefir} | I have one last trick up my sleeve... If you won't EAT your probiotics, surely you'll DRINK them! We all know about Kombucha and kefir... here are 56 more fermented beverages *beyond* kombucha and kefir! Who knew there were so many variations of kvass and homemade soda?! | TraditionalCookingSchool.com",195
195,5d81542b8b81b9abed0e403119daa310--clean-alcoholic-drinks-clean-cocktails.jpg,12 Clean Drinks Better than Soda,196
196,4db800ae8a5e9c84127fee27ba6770f2.jpg,New Questions About Baking Soda to Grow Hair Answered and Why You Must Read Every Word of This Report - Healthy Medicine Tips,197
197,0affb6138d29c1cb820d533a9a6df94b--lime-drinks-beat-the-heat.jpg,Watermelon Soda - Turn juicy watermelon into a refreshing watermelon soda with a twist of lime! Great to beat the heat this summer!,198
198,058336b2e1469935afba855260a3ac45.jpg,Mango Dragon Fruit Refresher,199
199,81114b0196a3d0716c624ab1ff74d10b--soda-syrup-how-to-save-money.jpg,This post gives a great tip on how to save money on SodaStream syrups.,200
200,97d716a2aafaa886c4f6179955511ccd--non-alcoholic-drinks-alcoholic-punch.jpg,image d'Ã‰pingle,201
201,9de8f042c9e11c35939db2398d72bc45.jpg,image d'Ã‰pingle,202
202,f788b0ebe178d7397201f43a956c513b.jpg,6 delicious green juices/healthy lifestyle,203
203,336c619205a41661f843173622ab50bc.jpg,12 Healthy Blender Vitamix Juice Recipes,204
204,b78dced4c4f05e09720ef48f29a2e354.jpg,Carrot Juice Recipe with Orange & Ginger,205
205,8e0effa24aacbc1eba4646b84a1529f1--booze-drinks-alcoholic-drinks.jpg,Frozen Orange Prosecco- Frozecco- mixed with freshly squeezed orange juice and blended for a slushy like consistency. This is one easy drink that you have to make this summer! via @foodnessg,206
206,f0f34d5960ea80b4cce34cc4b78682d6.jpg,Anti-Inflammatory Juice,207
207,99edb993e2167e7acf9fe4bb00747745.jpg,"This Green Juice Recipe is perfect for beginners and is packed with spinach, celery, cucumber and more green goodness!",208
208,97a1d05ca796ef03bfaa5cadc75b9640.jpg,Refreshing Carrot Ginger Juice,209
209,08d4faca81844a2c2cd70c9bb4f1c1ab.jpg,"Celery Juice for Beginners: Benefits, Side Effects and Recipes!",210
210,dbbbd7eef9fdb7c51ca50da615c97ab9--orange-creamsicle-overnight-oatmeal.jpg,Orange Creamsicle Overnight Oatmeal Smoothie | running with spoons,211
211,0ebd1c274932888c4f1f1ce5977f76f7.jpg,Keto Chocolate Milkshake,212
212,189b609d65aa5d566574a67a372d636d--yogurt-recipes-vitamix-recipes.jpg,"Four ingredients are all you need to make your own sweet, creamy homemade yogurt drink.",213
213,eb11fc6430156b7545c18894f61ea35b.jpg,"Making a smoothie is a great opportunity to pack fruits, vegetables, protein, and good fats into a drinkable meal or post-workout snack.",214
214,a74b322fe831143915c4b98a58b4fdfb.jpg,"Creamy, tangy kefir is very similar to yogurt in its flavor and healthy levels of probiotic bacteria, but it's in a thinner, drinkable form. It's much easier for the home...",215
215,261c8ab94b08fbf0e396e8f10d898031.jpg,"Basil Rhubarb Shrub Recipe for Cocktails or Mocktails (Rhubarb Drinks). Rhubarb cocktails and mocktails are sweet and tart, Shrubs are also called drinkable vinegar, an old recipe to preserve rhubarb now in cocktail bars. Itâ€™s great for unusual cocktails as it has a different flavor from rhubarb syrup. A vegan, gluten free rhubarb drink you can mix it with soda for a mocktail or gin, vodka, rum. Summer cocktails. Summer drinks. Rhubarb cocktail recipes. Rhubarb cocktail vodka. Spring cocktails.",216
216,b525ece6a2152c722d4682d3a18d9ce6--almond-butter-almond-milk.jpg,Green Collagen Smoothie Recipe,217
217,111dded3935a78ada1d87ab377819314.jpg,"This pumpkin pie smoothie recipe is healthy, vegan, dairy-free, and perfect for the fall season! It's packed with classic fall flavors like cinnamon, maple, pecan, nutmeg, and ginger. This beverage is a great way to use leftover pumpkin puree from all of your fall baking activities. Enjoy this pumpkin smoothie for breakfast or dessert. It tastes like a drinkable pumpkin pie! #pumpkin #pumpkinspice #pumpkindesserts #pumpkinrecipe #fallrecipes #smoothie #smoothierecipe #breakfastrecipe",218
218,04f247bc9b886a30d4d7076dd544a7bf.jpg,"Drink up this healthy Banana Smoothie with Yogurt whether youâ€™re on the run or staying in, itâ€™s a refreshing and nutritional smoothie to start the day. #smoothie #drinks",219
219,1229e0a5c7f196f8428693a5f55fa1c6--ginger-smoothie-fresh-ginger.jpg,Focus-Fueling Matcha Ginger Smoothie Recipe,220
220,d06d4f15da5c1a3a6c6ed8ba736f3a43.jpg,10 Delicious Drinkable Desserts | The Leaf,221
221,a79ecc05cc5d3bf47664df22b4e00523--pomegranate-juice-meal-recipes.jpg,"Pomegranate juice is packed with antioxidants and antiaging properties, making it a nutritious addition to your daily diet. What more can you ask for in a drinkable meal? Recipe: Pomegranate-Berry Smoothie   - Delish.com",222
222,dd3576a2d60d77e6e2f2d8181f838b5e.jpg,"Strawberry Lime RosÃ© Sangria recipe - This light, refreshing, and simple sangria is perfect for sipping on a toasty summer afternoon. The bright ruby-red hue is compliments of starting with a nice pink rose wine, and then soaking strawberries in it. Lime adds a zesty bite, rum gives it a bit more potency, and lemon-lime soda mellows the whole thing out and makes it entirely too drinkable.",223
223,403a45e4b1abc3e4fe41f7f064d72cac.jpg,"Rhubarb cocktails and mocktails are sweet and tart, Shrubs are also called drinkable vinegar, an old recipe to preserve rhubarb now in cocktail bars. Itâ€™s great for unusual cocktails as it has a different flavor from rhubarb syrup. A vegan, gluten free rhubarb drink you can mix it with soda for a mocktail or gin, vodka, rum. Summer cocktails. Summer drinks. Rhubarb cocktail recipes. Rhubarb cocktail vodka. Spring cocktails. #rhubarb #rhubarbrecipes #cocktail #drink #gincocktail #sourcocktail",224
224,e16fd87aea7c9691940474c1b05c83d0--vegan-smoothies-green-smoothies.jpg,"If you're tired of sweet green smoothies, try this savory version instead. Iâ€¦",225
225,9e89e09c119ae4a83181c224c2ff399a.jpg,This list of my top 10 hot drink recipes may come in handy this winter! You'll find everything from hot chocolate to wassail to drinkable custard!,226
226,a122ea7ed319280e5b1ac0fe2cffc32f.jpg,"Vitamix Blender Smoothie Cookbook 1500 will change your life.This quick & easy to use guide will show you how to make the most of all the nutrients that natural foods have to offer in delicious smoothies, juices, nut milks, spices, homemade creams and butters and much more.The Complete Book of Smoothies includes: Creative recipesSip on health-boosting blends, protein powerhouses, antioxidant-rich recipes, classic green smoothies, kid-friendly beverages, and drinkable desserts.Prep and setupD",227
227,fed02628212aa88bab97f2809d7b0bba--pumpkin-pie-smoothie-breakfast-smoothies.jpg,Pumpkin Smoothie and Hot Chocolate l Drinkable pumpkin for breakfast or dessert l Homestead Lady (.com),228
228,e92cdcd1add48d092cc89906174c2a4e--healthy-shakes-protein-shakes.jpg,Drinkable cookie dough,229
229,ffafe6142cdd07073e3aabd100aa4d75--juices-beauty.jpg,5 Drinks For Beauty - mindbodygreen.com,230
230,a3c6dbd9f442f38f9bf2486ab05df720--oat-smoothie-smoothie-recipes.jpg,"Heavenly Raw Cacao, Almond Butter & Oats Smoothie",231
231,7cf851611c7e7f94487a30c2ff335a18.jpg,Creamy Date Coffee Breakfast Smoothies,232
232,141092a507438e2d344af817e3e514ca.jpg,Spring Greens and Berry Pear Layered Smoothie,233
233,47d0e346899bf351cf5682838bdb3ef7.jpg,Blueberry Butterfly Tea,234
234,254b7e86479674d39c6f94fc5c19bacb.jpg,Get Cash Back on LALA Yogurt Smoothies with iBotta - Mom Always Finds Out,235
235,2885369a3159c4d91935ccd6fce6916d.jpg,"Gin cocktails: London Fog - made with Highclere Gin, pear liqueur, and rosemary peppercorn syrup",236
236,154538bd3aff9c3063509f972fbd4d4c.jpg,Letâ€™s make a Berry Basil Smash cocktail!,237
237,36d9ae3035448099ea889a80c32a81fb.jpg,Sparkling Ice slushies,238
238,39ad8f7de08cfbbe7385667ec5f234f9.jpg,Blood Orange Gin & Tonic Recipe,239
239,1000394635f12254dace287799825965.jpg,Butterfly Pea Flower Gin & Tonic,240
240,b8ce922348a5c39357b4877e16976056.jpg,Sparkling Italian Greyhound,241
241,a3104d3cd8e3e4a4766d59393d4e8257.jpg,Lavender Mai Tai,242
242,384a872672cf27a20d84ffaa2a203751.jpg,Sunset Passion | Ciroc Passion,243
243,6fa4951d2794965995d390588100b38f.jpg,Grapefruit Tequila Mimosa,244
244,c22dd0b212062d4d2108f1a4a424c89c.jpg,dragon fruit drink,245
245,cf365e7d839aaeaeb1a0a2769ce84cfc.jpg,Ciroc Summer Citrus,246
246,28bd3c9cb5e846f4f760198ee60a745a.jpg,... pear and ginger sparklers ... #cocktailrecipes,247
247,cc52b809356dcba616b24ef7f9d3b88f.jpg,Mensen onspan eens jullie werken zo hard jullie verdienen het <3,248
248,80edc524d3782e3f4d5838607f6fdf47.jpg,Zombie Drink ðŸ§Ÿâ€â™€ï¸,249
249,48fd4927197346b2944faeef8485368c.jpg,Strawberry Butterfly Splash #cafeathome #aesthetics #drinkrecipes #blackgirlmagic #starbucks #drinks,250
250,5276de076aa22c33378b8c04be9fdb5a.jpg,Limoncello Spritz Cocktail,251
251,01ff4aa109c9d3e40075e9b19bf3ab8b.jpg,Malibu Bay Breeze ðŸ‘ðŸ½,252
252,55612b5d77762958ae250254fe5bdcd7.jpg,Jack Frost Lemonade,253
253,5bb89955824e2b23057e5f985d4da703.jpg,Ciroc Pomegranate + Svedka Mango Pineapple Cocktail,254
254,23f6908e40739618169dfefcc05bf9c6--green-detox-smoothie-smoothie-detox.jpg,The amazing spring smoothie that can get you detox'ed now! Photo by Maria Carey,255
255,3d10a6a13beb78b5d39a56c6348ced49.jpg,Frozen mango caipirinha | Jamie Oliver recipes,256
256,9b2dcfee0a76260e12feff999fab888e.jpg,"Oster-EierlikÃ¶r-Milchshake - Drinks, Cocktails und Longdrinks mit EierlikÃ¶r",257
257,fed3c4da735dbaa9b809d957a6ab70b2.jpg,Summer Rainbow,258
258,3315d8bfb42bb6a877ec168a745ef15e.jpg,EASY HORCHATA RECIPE,259
259,6c7887a46030750bd678058a588dd5b4.jpg,Easy cotton candy cocktail,260
260,b0fd5daa464e0d47598fc47c50881b5c.jpg,Spring Peach Spritz,261
261,ef660349d0631c7d4479ee18cf07e666.jpg,Fun Summer Flower Cocktails,262
262,c1069df0cfb7a98d3cd9280754fe2f1f.jpg,ðŸ§‹Boba FlavoursðŸ§‹,263
263,f108eceba177f16ea22b1c4f4ee9da1e.jpg,5 Best Bedtime Drinks for Weight Loss,264
264,85176c3ac10105ddb8543ec78b0d68f0.jpg,Saftiger Red Bull Cocktail mit MandarinenðŸ¹ðŸŠðŸ˜,265
265,2be72d53d374264a4fc1091ae24de2b3.jpg,Iced Lemonade Coffee Recipe With Butterfly Pea Tea & Fruit Ice Cubes,266
266,b4d3f404821c17f4a9c11cd3a6d7c623.jpg,Pineapple Sangria,267
267,700deca59d7a81a4ea78989799483494.jpg,"In our humble opinion, there is nothing more refreshing and invigorating than iced matcha green tea. This gorgeous drink is sure to become a warm-weather favorite for your mid-day pick-me-up needs.",268
268,439ee7f0275a677b01246ddd3c98bf8c.jpg,"Made with Sparkling Ice Fruit Punch, this mocktail is a summertime family favorite. Tap the Pin for details.",269
269,4cc1a8b083ec7819f4f34569cad01faf.jpg,Vanilla Turmeric Tea (Golden Milk),270
270,3e3c3d67a0dcc2aa72981c74f3ade9be--easy-healthy-recipes-healthy-foods.jpg,Recipe: Watermelon-Strawberry Water,271
271,47877612b4b564fc20bcc108104b9a50--grapefruit-cocktail-grapefruit-juice.jpg,23 Delicious Mocktails For When You Just Can't Drink Anymore,272
272,dcb42dcf6e202351614d4994a3c4f91c--pineapple-lemonade-mango-pineapple.jpg,Fresh Homemade Mango Pineapple Lemonade | I Heart Recipes,273
273,793c22319bccb02e6d1479d827f27f12.jpg,Skinny Pomegranate Strawberry Smoothie #skinny #smoothie #smoothierecipes #strawberry #pomegranate,274
274,5be27175eefce8e7565ddbc075fbe848.jpg,The Dupe Guide â€“ Loaded Teas,275
275,0642e04cd69c452b10b92a021c6a6808--summer-drinks-refreshing-drinks.jpg,"Quench your thirst with this Blackberry & Lime Chia Fresca! Delicious, refreshing and healthy. #vegan #recipe #ericksonwoodworks",276
276,d959e173d7531c7fd60938e08eb1afef.jpg,Cucumber Ginger Mint Agua Fresca Recipe | A Spicy Perspective,277
277,f1ca16422edc0ee4d278d44f33c65559.jpg,Raspberry Lemon Drop Recipe With Edible Roses,278
278,bc7f1b9a33bdd2cc9761ca924575bbaa.jpg,PINEAPPLE GINGER JUICE,279
279,7b517f12ae085ce04514a1b3f9b2caf7.jpg,How to Cold-Brew Yerba Mate,280
280,f4464a5da143fd992bbfe8b387a32253--party-drinks-fun-drinks.jpg,Cool and refreshing Strawberry Cucumber Lime Agua Fresca. This fruit infused water is free of refined sugars and perfect for sipping on hot summer days!,281
281,f81daa81df34150de9a2ac2269679cd0.jpg,Easy Peach Tea Recipe!,282
282,4b6b81083d96675feb98580f77afb32f--hot-tea-recipes-top-recipes.jpg,"How To Make Homemade Chai Tea | Super easy to make at home iced or hot, or make as a concentrate to give as gifts! gimmesomeoven.com",283
283,4a78bd83e79dab8a227d51d4c909e133.jpg,Passion Fruit Lemonade Â» LeelaLicious,284
284,a1d4286d8983fc08ae4583d6254143f3.jpg,Dreamy Gin & Tonic,285
285,6839c270f0915aef46fecc205eae1a30.jpg,"With 6 simple ingredients, this refreshing Strawberry Vodka Cocktail comes together in minutes. The perfect balance of sweet and tart, this easy cocktail is a sure hit at your next summer event. #vodkacocktail #summercocktails #strawberryrecipes",286
286,79347689083fe53a22d56ad2e02675d4--healthy-smoothies-smoothie-recipes.jpg,"Strawberry Watermelon Smoothie {Vegan, Dairy-Free, Gluten-Free, 3 Ingredients}",287
287,841197092f07a4aada6af4583988deaa--gold-accents-cin.jpg,Pear nectar and thyme mimosa!,288
288,a68bdfa056accf0c23417d74333b9cac.jpg,"Beat the heat and embrace the chill with this Tropical Pineapple Strawberry Swirl Smoothie! Featuring swirls of pineapple and strawberry smoothie, this easy peasy recipeÂ takes only a few minutes to make!",289
289,9d91656fe438ea0bbd8afd0f78da5746.jpg,Best Peach Sangria Recipe [Video],290
290,33baeca951f5acf4209ada0dbeecc13b--ginger-cocktails-vodka-cocktail.jpg,Passionfruit & ginger cocktail - Simply Delicious,291
291,0067ef6522372dc2cdc9b7169b191237.jpg,"Frozen Peach Bellini Mocktail (Paleo, Healthy & AIP)",292
292,3487baa4ba8084af3b32269bfe27c494.jpg,Recipe Review: Cajun Lemonade Straight Up Cocktails and Spirits,293
293,3d1d17a21d16aa196fa26c6d1625443e.jpg,"Lemon Basil Spritzer~ Non Alcoholic ""Mocktail""",294
294,1c71b563b2471d918a875b67a8173cf3.jpg,Strawberry Cucumber Basil Water - A Spa Water Recipe | Garlic & Zest,295
295,a511a32345fb1602123e9672bcfeb753.jpg,aesthetic,296
296,aa4e2e6867a7cd2d2e70537416067ecf.jpg,strawberry milkðŸ“ðŸ“,297
297,86253f3c44249bb39045112b9558c8db--cold-drinks-alcoholic-beverages.jpg,This Mango Lemonade Recipe is perfect for summer entertaining. It' super easy plus there is a great alternative for a super healthy drink!,298
298,d28fe03f787c4bc2b74abe230d721a70.jpg,Tequila + POG juice = perfection ðŸ‘Œ,299
299,7761a388454deaeb8344137e3df7581f.jpg,Coffee Smoothie with Banana and Oats,300
